j_name,seed,a5_init,final_states,stable_tracks,geo_score,node_count,edge_count,component_count,largest_component,mean_geodesic_d,max_geodesic_d,clustering_coeff,mean_edge_K,sparsity,diameter,e_per_n,regime,final_avg_memory
metric_exp,0,False,120,32,0.6920790367733134,32,42,6,15,2.8522140687996007,7.2407750670632085,0.42604166666666665,0.395780070214831,0.9153,7.2408,1.312,geometrisch,0.36018125201567924
metric_exp,1,False,40,31,0.7315452547492537,31,50,4,15,3.0714642347700196,8.829697097489232,0.44086021505376344,0.4080322579641818,0.8925,8.8297,1.613,geometrisch,0.36761132757783027
metric_exp,2,False,120,30,0.6412856772782783,30,40,6,11,2.1232691011211227,6.494499549398165,0.5511111111111111,0.4107289776332081,0.908,6.4945,1.333,geometrisch,0.40038926163704014
metric_exp,3,False,120,29,0.5576669146812233,29,39,8,9,1.3144049602911307,3.103027470415465,0.43333333333333335,0.42812132801215413,0.9039,3.103,1.345,geometrisch,0.40701879477578246
metric_exp,4,False,120,29,0.642397894015411,29,38,6,14,2.3908636274346575,5.986291919987991,0.3528735632183908,0.41042213302361436,0.9064,5.9863,1.31,geometrisch,0.3786627016273522
metric_exp,5,False,120,27,0.5458923179073807,27,26,10,9,1.8833080865426746,4.5641486299209335,0.4012345679012346,0.41761585127950956,0.9259,4.5641,0.963,geometrisch,0.37510804438620604
metric_exp,6,False,120,27,0.4835799503147171,27,25,7,7,1.8747693766647109,5.369410968414098,0.2074074074074074,0.43524271265869424,0.9288,5.3694,0.926,geometrisch,0.3795238783846473
metric_exp,7,False,120,33,0.7471646290067985,33,52,6,18,2.835797630641019,7.258124588727813,0.43737373737373736,0.37151645603819716,0.9015,7.2581,1.576,geometrisch,0.19538165239496597
metric_exp,8,False,120,31,0.6878071686255871,31,48,5,13,2.2793949854149687,6.036727029984595,0.5483870967741935,0.40105854999288854,0.8968,6.0367,1.548,geometrisch,0.34416875673091
metric_exp,9,False,120,21,0.43901094827863685,21,14,9,6,1.6241300766838471,4.126850607630274,0.2222222222222222,0.44912641725102853,0.9333,4.1269,0.667,geometrisch,0.43754868726038804
metric_exp,10,False,120,32,0.6788996043089993,32,42,4,16,3.059458752846653,8.288281096762827,0.2583333333333333,0.37469589683166715,0.9153,8.2883,1.312,geometrisch,0.3457737350367505
metric_exp,11,False,120,34,0.5865885071086708,34,45,10,8,1.5849622990361611,4.297506651307785,0.5549019607843138,0.4683106125446591,0.9198,4.2975,1.324,geometrisch,0.3424037323245275
metric_exp,12,False,120,35,0.785615238095238,35,49,2,34,6.297281313383092,15.371983827316901,0.31047619047619046,0.3881155682802017,0.9176,15.372,1.4,geometrisch,0.40353337168844206
metric_exp,13,False,120,29,0.5529341996734671,29,33,9,8,1.5538610049635944,4.707936437886057,0.4885057471264368,0.4099582053868319,0.9187,4.7079,1.138,geometrisch,0.26787378175143284
metric_exp,14,False,120,34,0.8098248869994933,34,59,5,25,3.3416954990935053,7.82649069379718,0.45140056022408964,0.40205162057660626,0.8948,7.8265,1.735,geometrisch,0.3971881950203033
metric_exp_a5init,0,True,120,35,0.6386650026790118,35,55,7,11,2.0104238631040445,6.721513132971752,0.44761904761904764,0.4696537422068011,0.9076,6.7215,1.571,geometrisch,0.3058207668593923
anisotropic_exp,0,False,120,33,0.6966783223779763,33,49,5,15,2.346887659680737,6.351813415046375,0.49696969696969695,0.3645074877095684,0.9072,6.3518,1.485,geometrisch,0.3729297205530041
anisotropic_exp,1,False,120,32,0.6541057907929331,32,51,3,16,2.321982482525326,6.370250423044958,0.19583333333333333,0.3891389323256988,0.8972,6.3703,1.594,geometrisch,0.18092331467054917
anisotropic_exp,2,False,120,24,0.5683577572807104,24,30,8,7,1.4686218122808743,4.016648706459846,0.6083333333333333,0.46613971303804985,0.8913,4.0166,1.25,geometrisch,0.4149186731439688
anisotropic_exp,3,False,120,27,0.8413795061728396,27,41,4,18,4.047382277561151,10.496194608873322,0.6641975308641975,0.41243316469756297,0.8832,10.4962,1.519,geometrisch,0.27108555129563316
anisotropic_exp,4,False,120,25,0.7332549327221349,25,29,4,19,3.7052319877760294,9.588698384265866,0.30666666666666664,0.3886154624565391,0.9033,9.5887,1.16,geometrisch,0.42637485859554836
anisotropic_exp,5,False,120,27,0.7662051863811916,27,34,6,18,3.8011111350312405,8.578179598999021,0.44814814814814813,0.4137935940968902,0.9031,8.5782,1.259,geometrisch,0.41620668766977864
anisotropic_exp,6,False,120,31,0.6044496262300925,31,39,4,10,2.5107430622362563,6.576992028690009,0.34946236559139787,0.4015069893478128,0.9161,6.577,1.258,geometrisch,0.3988382008535194
anisotropic_exp,7,False,120,30,0.7322274027116168,30,44,4,15,2.870503609787888,7.079110096743234,0.5611111111111111,0.4339773404303509,0.8989,7.0791,1.467,geometrisch,0.1817951267265587
anisotropic_exp,8,False,120,28,0.6851777676739992,28,43,5,11,2.486755353479983,7.2884986556679685,0.6,0.39566577791651714,0.8862,7.2885,1.536,geometrisch,0.38925025102053634
anisotropic_exp,9,False,120,26,0.5677576798976982,26,30,8,10,1.7562803378807037,4.121245284245488,0.41501831501831504,0.3876566773908419,0.9077,4.1212,1.154,geometrisch,0.43738530606256276
anisotropic_exp,10,False,120,29,0.7246913115500688,29,34,5,16,3.376580253989883,8.31814698666661,0.47701149425287354,0.4184313727021837,0.9163,8.3181,1.172,geometrisch,0.3600374923847807
anisotropic_exp,11,False,120,32,0.8590783333333334,32,57,3,30,5.547637520442576,14.270906523648273,0.5197916666666667,0.38206665153070407,0.8851,14.2709,1.781,geometrisch,0.3451785538860977
anisotropic_exp,12,False,120,28,0.6256646907254042,28,34,5,14,2.730608100222371,6.939536389114567,0.22857142857142856,0.3610065898231338,0.9101,6.9395,1.214,geometrisch,0.3379018639340213
anisotropic_exp,13,False,120,31,0.6125676104251113,31,42,8,10,1.9713694128033004,5.010260853622051,0.4827956989247312,0.3974494786308346,0.9097,5.0103,1.355,geometrisch,0.3790744407380515
anisotropic_exp,14,False,120,26,0.7168699995814454,26,37,3,15,3.0594205044494203,9.091530228855671,0.4717948717948718,0.42464265507262267,0.8862,9.0915,1.423,geometrisch,0.40313362490215787
linf_exp,0,False,120,23,0.717798375352992,23,35,3,17,2.6390805505380976,5.694975013468705,0.45652173913043476,0.3886987217422105,0.8617,5.695,1.522,geometrisch,0.40510598378079016
linf_exp,1,False,120,20,0.6601264340828948,20,35,3,10,1.9707572530864674,5.699233403069272,0.6171428571428571,0.4325501284114795,0.8158,5.6992,1.75,geometrisch,0.3936137579488075
linf_exp,2,False,120,15,0.4969491417838716,15,16,4,9,1.903471724566321,3.3045449884359366,0.17777777777777776,0.3871161823496456,0.8476,3.3045,1.067,geometrisch,0.4362854442874916
linf_exp,3,False,120,19,0.7593517501931863,19,27,1,19,3.808213951232148,8.365427779930906,0.34210526315789475,0.3359790045065123,0.8421,8.3654,1.421,geometrisch,0.44289808680766873
linf_exp,4,False,120,14,0.5282514344489945,14,15,4,8,1.9393715461227452,3.706431814430253,0.38571428571428573,0.37075597630614515,0.8352,3.7064,1.071,geometrisch,0.4511244673551578
linf_exp,5,False,120,12,0.4335896363384242,12,9,5,6,1.7951705045462614,4.018963736801849,0.18055555555555555,0.37733612330732247,0.8636,4.019,0.75,geometrisch,0.44207587843869284
linf_exp,6,False,120,16,0.43817787489662474,16,13,5,6,1.6227574979324935,2.9362912664504655,0.1875,0.38041440304114593,0.8917,2.9363,0.812,geometrisch,0.4416478341723656
linf_exp,7,False,120,20,0.7250152185585785,20,30,2,18,3.0052377045049012,5.734311062463906,0.38166666666666665,0.3557106717832474,0.8421,5.7343,1.5,geometrisch,0.355184618463829
linf_exp,8,False,120,20,0.7518087512076607,20,34,2,19,2.945108357486546,5.893274357803907,0.40166666666666667,0.3950050493443041,0.8211,5.8933,1.7,geometrisch,0.4294597493414137
linf_exp,9,False,120,19,0.7168736578979977,19,37,3,15,2.283509248185519,5.872073511478224,0.5063909774436091,0.4159609798728655,0.7836,5.8721,1.947,geometrisch,0.4668570164109822
linf_exp,10,False,120,17,0.670495262665048,17,22,3,14,2.974987606242136,7.790825187627735,0.4235294117647059,0.43154510073718233,0.8382,7.7908,1.294,geometrisch,0.4431258326333563
linf_exp,11,False,120,11,0.567403631709522,11,11,2,10,3.4207999069177117,8.60525232397131,0.1818181818181818,0.348562132390742,0.8,8.6053,1.0,geometrisch,0.42812478536237975
linf_exp,12,False,120,20,0.6988236784073085,20,31,3,17,2.8359402348128353,6.866272214187404,0.3233333333333333,0.3722409384587787,0.8368,6.8663,1.55,geometrisch,0.4119527558982294
linf_exp,13,False,120,20,0.683938002186444,20,34,3,12,2.4743600437288773,6.903431202026795,0.53,0.37295706243873233,0.8211,6.9034,1.7,geometrisch,0.39583433225461684
linf_exp,14,False,120,17,0.5964450130773634,17,18,4,13,2.6816767321355024,5.488579164716489,0.2647058823529412,0.3767751490308464,0.8676,5.4886,1.059,geometrisch,0.43285254776825216
rational_p2,0,False,120,12,0.47327488939600487,12,13,4,5,1.5874977879200973,4.352675074805189,0.375,0.36535266666424326,0.803,4.3527,1.083,geometrisch,0.4206390143819329
rational_p2,1,False,120,13,0.43857850541541005,13,11,5,5,1.207672672410765,2.5922203874553134,0.358974358974359,0.5120330658779102,0.859,2.5922,0.846,geometrisch,0.44803428593472766
rational_p2,2,False,120,13,0.387794381907696,13,8,6,5,1.2696209714872526,2.207907309664169,0.16666666666666666,0.4617955684868674,0.8974,2.2079,0.615,geometrisch,0.4631590179957141
rational_p2,3,False,120,10,0.363497843454581,10,5,5,5,1.7143568690916196,3.5476341022951576,0.0,0.40921426695441415,0.8889,3.5476,0.5,geometrisch,0.47284829631767655
rational_p2,4,False,120,11,0.4132647980758738,11,6,7,5,1.0359383857598998,1.7685424649517167,0.3939393939393939,0.512317070473957,0.8909,1.7685,0.545,geometrisch,0.46114187669417767
rational_p2,5,False,120,6,0.37979176426345745,6,3,4,3,0.7958352852691485,1.1311411055597476,0.5,0.4706730410950428,0.8,1.1311,0.5,geometrisch,0.4558836364277406
rational_p2,6,False,120,11,0.4488337637425821,11,8,5,4,1.365281335457701,2.479246991387587,0.48484848484848486,0.37568233050772876,0.8545,2.4792,0.727,geometrisch,0.4455756724656616
rational_p2,7,False,120,13,0.32889650615270544,13,5,8,3,1.4643301230541084,2.7572525072889005,0.0,0.3390040262034152,0.9359,2.7573,0.385,unterkritisch,0.4111352016414242
rational_p2,8,False,120,17,0.6791387646213931,17,19,3,14,3.7408694100749207,9.03743860236094,0.3411764705882353,0.4689211689575122,0.8603,9.0374,1.118,geometrisch,0.4435370496909235
rational_p2,9,False,120,11,0.5226617487285292,11,14,4,7,1.5131137624493702,3.732976742259683,0.503030303030303,0.40557378256988386,0.7455,3.733,1.273,geometrisch,0.4651038541751757
rational_p2,10,False,120,11,0.36909011031813055,11,5,7,4,1.1869173578777625,2.3084792074344707,0.21212121212121213,0.42317172178664997,0.9091,2.3085,0.455,unterkritisch,0.45230875833397083
rational_p2,11,False,120,14,0.4102154548017963,14,10,7,5,1.4540043341311633,3.024388996238147,0.19047619047619047,0.3691192806897168,0.8901,3.0244,0.714,geometrisch,0.4545920968610208
rational_p2,12,False,120,16,0.4603892756428093,16,14,4,5,1.6329188461895179,4.890648640997886,0.3229166666666667,0.47676848410187,0.8833,4.8906,0.875,geometrisch,0.4160223089165226
rational_p2,13,False,120,10,0.4573879944889924,10,9,4,5,1.6144265564465141,2.7398190395579314,0.3833333333333333,0.2971231805497136,0.8,2.7398,0.9,geometrisch,0.42374942973919466
rational_p2,14,False,120,15,0.5079120694643895,15,17,4,6,1.4731747226211247,4.2220340814130495,0.4666666666666667,0.44416950281710715,0.8381,4.222,1.133,geometrisch,0.42711581003921845
phi_exp,0,False,120,25,0.3180236525658898,25,9,16,3,1.160473051317796,2.562364736218786,0.0,0.4338911664488434,0.97,2.5624,0.36,unterkritisch,0.3224423213900372
phi_exp,1,False,120,30,0.4850191286222354,30,19,13,9,2.0091825724447077,4.208554396359792,0.2,0.4249646291349153,0.9563,4.2086,0.633,geometrisch,0.27902485675114375
phi_exp,2,False,120,22,0.4348684336660971,22,13,12,7,1.7345080672613362,3.8086270029702867,0.15151515151515152,0.3652791235865339,0.9437,3.8086,0.591,geometrisch,0.3731757909835676
phi_exp,3,False,120,26,0.3327152959277835,26,11,16,3,0.8819674570172078,1.4029579309147953,0.11538461538461539,0.483034703728397,0.9662,1.403,0.423,unterkritisch,0.32692812909328556
phi_exp,4,False,29,27,0.30607287661589333,27,9,18,3,0.9578575323178667,1.7842519462258477,0.0,0.45823190682909143,0.9744,1.7843,0.333,unterkritisch,0.4214886968887125
phi_exp,5,False,120,30,0.3454317647112443,30,11,21,5,1.2758352942248865,2.3365312265174927,0.0,0.4142389514754695,0.9747,2.3365,0.367,unterkritisch,0.35982240314895275
phi_exp,6,False,120,32,0.4524697009546518,32,21,18,8,1.523260685759702,3.6144682872985365,0.19583333333333333,0.43654562101873473,0.9577,3.6145,0.656,geometrisch,0.20169260901824096
phi_exp,7,False,120,28,0.4256986165083243,28,18,16,7,1.1898009015950568,2.2483391216052575,0.20714285714285713,0.44798516538649297,0.9524,2.2483,0.643,geometrisch,0.29314917615264807
phi_exp,8,False,31,34,0.3944930964663741,34,21,17,5,1.2152266352098344,2.181295660835266,0.14705882352941177,0.4096094742513749,0.9626,2.1813,0.618,geometrisch,0.41238424272097585
phi_exp,9,False,120,32,0.5073717355580795,32,26,15,9,1.6413680444949215,3.5136339704546886,0.3229166666666667,0.4054404558534288,0.9476,3.5136,0.812,geometrisch,0.19228678296529744
phi_exp,10,False,120,29,0.4698466218961853,29,22,13,8,1.8750427827512912,5.019591762253743,0.15517241379310345,0.3713531459080413,0.9458,5.0196,0.759,geometrisch,0.1818430539269581
phi_exp,11,False,120,28,0.40757701819941733,28,20,11,5,1.3637117925597741,3.4015168560343607,0.14285714285714285,0.4571963157689521,0.9471,3.4015,0.714,geometrisch,0.16762790118300722
phi_exp,12,False,33,33,0.4154922224589528,33,19,18,6,1.6169959643305702,4.821704236846562,0.12121212121212122,0.4432261311826481,0.964,4.8217,0.576,geometrisch,0.4348321884104342
phi_exp,13,False,120,28,0.39933129350167995,28,13,17,6,1.5867020605097888,2.6212793915898174,0.10238095238095238,0.34279326344309685,0.9656,2.6213,0.464,unterkritisch,0.21023512914096734
phi_exp,14,False,120,36,0.3816909516172974,36,18,22,6,1.548219032345947,3.616766009894894,0.0,0.39569525528226235,0.9714,3.6168,0.5,geometrisch,0.2529865085579281
icosahedral_a5,0,False,120,36,0.8497526065833116,36,84,1,36,3.5668764702905693,8.072695768151403,0.49034391534391536,0.3512105559917152,0.8667,8.0727,2.333,geometrisch,0.3863472789578376
icosahedral_a5,1,False,120,34,0.8357377140868923,34,70,3,32,3.3584920968638965,7.550148401747146,0.46386554621848736,0.3967056108965487,0.8752,7.5501,2.059,geometrisch,0.3579170674895736
icosahedral_a5,2,False,120,35,0.8286623464327932,35,65,1,35,3.8593122347783138,8.863266551953215,0.35918367346938773,0.3579666739041835,0.8908,8.8633,1.857,geometrisch,0.3299837895860974
icosahedral_a5,3,False,120,29,0.7789011494252873,29,41,5,25,4.033418194133582,9.45476799254623,0.2885057471264368,0.3886715158060973,0.899,9.4548,1.414,geometrisch,0.408493539338754
icosahedral_a5,4,False,120,25,0.8001333878269848,25,37,3,22,3.916058232730172,9.359960922756308,0.40495238095238095,0.39497759975875846,0.8767,9.36,1.48,geometrisch,0.41745041048707643
icosahedral_a5,5,False,120,28,0.7867791836734694,28,44,1,28,4.9754908455788955,13.294298905862414,0.26479591836734695,0.4156788400358518,0.8836,13.2943,1.571,geometrisch,0.4089640329925713
icosahedral_a5,6,False,120,27,0.7768451851851853,27,42,2,26,4.424854319999842,10.891874073015774,0.22592592592592592,0.36731233234522787,0.8803,10.8919,1.556,geometrisch,0.39619586667944906
icosahedral_a5,7,False,120,31,0.8282281049012916,31,63,1,31,3.446347044262391,6.842504872556915,0.4150537634408602,0.342917765997041,0.8645,6.8425,2.032,geometrisch,0.3786318933576609
icosahedral_a5,8,False,120,36,0.8285911111111113,36,64,1,36,4.312295767802798,10.839014962358078,0.35555555555555557,0.37255755662579165,0.8984,10.839,1.778,geometrisch,0.3629366020776328
icosahedral_a5,9,False,120,26,0.8137063228385963,26,44,2,25,3.8071843322297996,9.335237476028471,0.40613553113553114,0.35865686877913294,0.8646,9.3352,1.692,geometrisch,0.4326238518541975
icosahedral_a5,10,False,120,32,0.7783664380333798,32,47,7,26,3.604957332096168,8.262833124778112,0.3508928571428571,0.3857454729096741,0.9052,8.2628,1.469,geometrisch,0.3771206637259022
icosahedral_a5,11,False,120,31,0.7907084028452058,31,52,2,30,3.5328672888549613,6.962504206264521,0.3436251920122888,0.3651208380362542,0.8882,6.9625,1.677,geometrisch,0.3454627908622847
icosahedral_a5,12,False,120,27,0.7932313580246914,27,41,1,27,4.5833763878339155,11.862110172495433,0.3234567901234568,0.37262508614054685,0.8832,11.8621,1.519,geometrisch,0.3923362932959183
icosahedral_a5,13,False,120,27,0.7839782716049383,27,38,1,27,5.089136713577924,11.339267903266276,0.32469135802469135,0.38497750449889184,0.8917,11.3393,1.407,geometrisch,0.3319061982709956
icosahedral_a5,14,False,120,36,0.7821798019423167,36,68,7,29,3.0723283139786077,6.7500269308941805,0.3062169312169312,0.3544110461986977,0.8921,6.75,1.889,geometrisch,0.19034826401292929
icosahedral_a5_a5init,0,True,120,37,0.8539813645832112,37,76,2,36,3.8155639712009015,10.263333950059048,0.4301158301158301,0.37584652321579204,0.8859,10.2633,2.054,geometrisch,0.3806574757872622
rf_weighted,0,False,120,38,0.755006439308795,38,59,8,17,2.5730871821658736,6.435078682903558,0.5891604010025062,0.3590477782317855,0.9161,6.4351,1.553,geometrisch,0.2192978679012789
rf_weighted,1,False,120,39,0.555896468791851,39,28,17,11,2.9664627091703504,7.21652787922385,0.16666666666666666,0.351367572935243,0.9622,7.2165,0.718,geometrisch,0.21478473096457193
rf_weighted,2,False,35,41,0.5360853718160645,41,36,14,9,2.463258655833487,7.296391463704015,0.21951219512195122,0.3685718205335724,0.9561,7.2964,0.878,geometrisch,0.46104262896377834
rf_weighted,3,False,120,105,0.6909037759301317,105,785,16,86,2.652155711251055,7.553513530092223,0.5146132851712282,0.3591267617393931,0.8562,7.5535,7.476,geometrisch,0.345514974755214
rf_weighted,4,False,34,39,0.647349726485309,39,42,15,13,2.467657777569425,5.911698579744826,0.488034188034188,0.371336463308816,0.9433,5.9117,1.077,geometrisch,0.4376731732782843
rf_weighted,5,False,120,37,0.5077334863882345,37,35,14,8,1.8928895475845073,4.115678925777924,0.24504504504504504,0.3547531660020608,0.9474,4.1157,0.946,geometrisch,0.23979403441958091
rf_weighted,6,False,35,40,0.6932883104887496,40,46,13,16,3.121766209774991,8.795669329882031,0.37,0.37979198405110176,0.941,8.7957,1.15,geometrisch,0.4528493694586787
rf_weighted,7,False,31,33,0.47281515199326535,33,30,14,6,1.4533818277440937,3.612412810747571,0.30303030303030304,0.35981784648388293,0.9432,3.6124,0.909,geometrisch,0.48192030565018207
rf_weighted,8,False,34,41,0.485142389535755,41,35,15,7,1.5786559207964006,3.4379572984255873,0.2967479674796748,0.37700532118629887,0.9573,3.438,0.854,geometrisch,0.4556558062526719
rf_weighted,9,False,36,40,0.6856222565577622,40,43,9,16,3.672845131155244,10.51794195346675,0.2275,0.3805559223760565,0.9449,10.5179,1.075,geometrisch,0.45151008868883585
rf_weighted,10,False,33,38,0.5682529048273056,38,40,11,12,2.304201956195236,5.558865524866712,0.1956140350877193,0.3560609292657771,0.9431,5.5589,1.053,geometrisch,0.45420358149928647
rf_weighted,11,False,34,38,0.5501356151493234,38,46,11,8,1.7089789696531346,4.796952452123237,0.38333333333333336,0.3966380037315922,0.9346,4.797,1.211,geometrisch,0.45454820435148446
rf_weighted,12,False,32,38,0.4398462874407515,38,20,23,6,1.7462450470606423,4.877353384499088,0.22807017543859648,0.3707396014229499,0.9716,4.8774,0.526,geometrisch,0.46527608366858714
rf_weighted,13,False,32,34,0.7658111240045629,34,42,7,20,3.7928813036206694,10.029888023321277,0.3382352941176471,0.35683670471878354,0.9251,10.0299,1.235,geometrisch,0.4717719617870762
rf_weighted,14,False,35,40,0.5561286755293253,40,35,13,10,2.552173510586508,7.466292835821991,0.25,0.3813289341938705,0.9551,7.4663,0.875,geometrisch,0.4598881784704894
