j_name,seed,final_states,final_avg_p,track_count,stable_tracks,node_count,edge_count,component_count,largest_component,mean_degree,max_degree,mean_edge_K,mean_edge_d,mean_geodesic_d,max_geodesic_d,final_avg_memory,final_max_memory
metric_exp,0,120,0.09238311596518682,147,32,32,42,6,15,2.625,6,0.395780070214831,0.9778342502615985,2.8522140687996007,7.2407750670632085,0.36018125201567924,0.5047668567422962
metric_exp,1,40,0.04210631759248555,155,31,31,50,4,15,3.225806451612903,6,0.4080322579641818,0.9503947050475521,3.0714642347700196,8.829697097489232,0.36761132757783027,0.5047668567422962
metric_exp,2,120,0.10703638000822338,168,30,30,40,6,11,2.6666666666666665,6,0.4107289776332081,0.9355817648009153,2.1232691011211227,6.494499549398165,0.40038926163704014,0.5047668567422962
metric_exp,3,120,0.07677743488371146,135,29,29,39,8,9,2.689655172413793,6,0.42812132801215413,0.90151939073312,1.3144049602911307,3.103027470415465,0.40701879477578246,0.5047668567422962
metric_exp,4,120,0.10336111061701315,151,29,29,38,6,14,2.6206896551724137,7,0.41042213302361436,0.9332777298523218,2.3908636274346575,5.986291919987991,0.3786627016273522,0.5047668567422962
metric_exp,5,120,0.0977908291684994,154,27,27,26,10,9,1.9259259259259258,5,0.41761585127950956,0.9306054677029844,1.8833080865426746,4.5641486299209335,0.37510804438620604,0.5047668567422962
metric_exp,6,120,0.08561615896322629,153,27,27,25,7,7,1.8518518518518519,5,0.43524271265869424,0.8954403951610886,1.8747693766647109,5.369410968414098,0.3795238783846473,0.5047668567422962
metric_exp,7,120,0.18377306711384914,142,33,33,52,6,18,3.1515151515151514,7,0.37151645603819716,1.0320276508582027,2.835797630641019,7.258124588727813,0.19538165239496597,0.5047668567422962
metric_exp,8,120,0.09835065799525752,144,31,31,48,5,13,3.096774193548387,6,0.40105854999288854,0.9688513708895634,2.2793949854149687,6.036727029984595,0.34416875673091,0.5047668567422962
metric_exp,9,120,0.07712513183387702,173,21,21,14,9,6,1.3333333333333333,3,0.44912641725102853,0.8815183646426435,1.6241300766838471,4.126850607630274,0.43754868726038804,0.5047668567422962
metric_exp,10,120,0.1047412324092615,152,32,32,42,4,16,2.625,5,0.37469589683166715,1.0286791319283974,3.059458752846653,8.288281096762827,0.3457737350367505,0.5047668567422962
metric_exp,11,120,0.10115833121825112,128,34,34,45,10,8,2.6470588235294117,5,0.4683106125446591,0.8458477480805745,1.5849622990361611,4.297506651307785,0.3424037323245275,0.5047668567422962
metric_exp,12,120,0.10738419590011741,142,35,35,49,2,34,2.8,5,0.3881155682802017,1.003724098351374,6.297281313383092,15.371983827316901,0.40353337168844206,0.5047668567422962
metric_exp,13,120,0.11609760017781233,144,29,29,33,9,8,2.2758620689655173,4,0.4099582053868319,0.9414604259280289,1.5538610049635944,4.707936437886057,0.26787378175143284,0.5047668567422962
metric_exp,14,120,0.09228131658652436,162,34,34,59,5,25,3.4705882352941178,7,0.40205162057660626,0.9828943294911731,3.3416954990935053,7.82649069379718,0.3971881950203033,0.5047668567422962
metric_exp,15,120,0.150346945646925,143,33,33,48,6,14,2.909090909090909,6,0.40181290948493903,0.967504024772578,2.6894564918921633,6.164688794126027,0.21344471635346104,0.5047668567422962
metric_exp,16,120,0.09294014776635366,159,34,34,42,8,13,2.4705882352941178,6,0.43613174754953826,0.8770332563155181,2.349025004267628,5.346497353392227,0.28716596912238646,0.5047668567422962
metric_exp,17,120,0.09988915068674217,150,35,35,54,5,28,3.085714285714286,7,0.42240450081521225,0.9161745180849413,4.050915644034901,8.614208514788508,0.39762851962542123,0.5047668567422962
metric_exp,18,120,0.08165216210657708,186,33,33,43,9,15,2.606060606060606,7,0.40455896621040816,0.9493764865050027,2.464018465609901,6.663512787992193,0.40727222822284836,0.5047668567422962
metric_exp,19,120,0.08789092611359166,144,35,35,38,9,15,2.1714285714285713,6,0.40126451411456565,0.9555920415353627,2.1845997082855804,4.866055242533947,0.31819839874642597,0.5047668567422962
metric_exp,20,120,0.1921579577041531,146,32,32,36,7,18,2.25,5,0.38260804715098273,1.0106684669055843,3.583792483124352,8.783235819881975,0.1901298586633262,0.5047668567422962
metric_exp,21,120,0.08177167325344671,151,33,33,39,5,14,2.3636363636363638,5,0.38619816542530383,1.003055030921651,2.6458867414840066,6.692337321569994,0.3935386424714424,0.5047668567422962
metric_exp,22,120,0.10133492365100835,147,32,32,46,6,19,2.875,7,0.3724224855355113,1.020834969163676,3.5386793270152705,8.670160575206554,0.32017455097981123,0.5047668567422962
metric_exp,23,120,0.08370106627221881,177,30,30,39,8,15,2.6,6,0.42858111610062044,0.910542024050518,3.0015873263433535,7.513264829947945,0.38810037812291476,0.5047668567422962
metric_exp,24,120,0.10134719506224205,152,28,28,28,6,15,2,4,0.3859402127927806,0.9855408973592557,3.3375246047197202,9.057029839040913,0.17627506406744403,0.5047668567422962
metric_exp,25,120,0.1143064438520817,159,35,35,59,3,30,3.3714285714285714,7,0.42796636429254903,0.9072015312024122,3.9452398279836096,9.010241447136526,0.36434776525471846,0.5047668567422962
metric_exp,26,39,0.039561369436996556,158,27,27,34,6,9,2.5185185185185186,6,0.3660239356605214,1.0688825563049402,1.849514062573346,4.476619422455402,0.2983845741656739,0.5047668567422962
metric_exp,27,120,0.07415939199013942,155,30,30,30,8,9,2,4,0.40126342204028603,0.950489171093332,2.4309100187594153,7.0462278982302635,0.2581788728278241,0.5047668567422962
metric_exp,28,120,0.1076534264883123,146,26,26,27,5,13,2.076923076923077,4,0.3811134442775187,1.00710624438212,3.182686661442022,8.447392167623788,0.38446991637192207,0.5047668567422962
metric_exp,29,120,0.11199666470117206,177,30,30,35,5,15,2.3333333333333335,4,0.4011449900984559,0.9686566266247036,3.0450645885253604,7.052168098048094,0.34044995048003196,0.5047668567422962
metric_exp,30,120,0.09587727184166857,134,37,37,65,7,11,3.5135135135135136,8,0.4164867032739182,0.9312639443238481,1.734897997879259,5.629079511624097,0.32712450406474763,0.5047668567422962
metric_exp,31,120,0.09071274370530027,169,25,25,23,5,18,1.84,4,0.37129348678226004,1.0325987665765441,6.146932305182278,16.03125093861474,0.41164696731651584,0.5047668567422962
metric_exp,32,120,0.09687831815209923,181,27,27,29,6,17,2.1481481481481484,5,0.357804497250284,1.0654519074792645,3.8456172590551803,10.164389937449524,0.4081514014562231,0.5004131676384612
metric_exp,33,120,0.12273153566579041,158,27,27,24,8,6,1.7777777777777777,3,0.5222919055408651,0.7113171225369869,1.1052058936408262,2.781675847195762,0.2145235501120279,0.5047668567422962
metric_exp,34,120,0.2124827224902717,136,35,35,49,6,16,2.8,7,0.416804651546213,0.936364223975202,2.6820993415490246,6.576979946315481,0.20058870649385233,0.5047668567422962
metric_exp,35,120,0.14322803701404724,146,37,37,53,9,14,2.864864864864865,8,0.4945597121812094,0.7523734107863297,2.011191614658369,5.264435099592097,0.23919396008449764,0.5047668567422962
metric_exp,36,120,0.1037281523432989,147,37,37,58,4,32,3.135135135135135,7,0.4100140789572254,0.9669689829525071,4.892299524781056,14.460281297699815,0.35194911938041507,0.5047668567422962
metric_exp,37,120,0.10918392126948469,158,33,33,54,6,11,3.272727272727273,6,0.3939920454502483,0.9769631005740643,1.6699634917510817,3.754983423077014,0.21702131828675084,0.5047668567422962
metric_exp,38,120,0.11044869880942013,164,30,30,31,6,12,2.066666666666667,4,0.39764923639199523,0.9689428627199154,3.2620318131430808,7.669209895529505,0.3709839679049248,0.5047668567422962
metric_exp,39,40,0.03927507877515514,144,36,36,42,6,15,2.3333333333333335,5,0.41867042043406555,0.9308115863811112,2.73625376032649,6.928742055764346,0.36098684963954797,0.5047668567422962
metric_exp,40,120,0.07879963567045117,207,25,25,29,7,8,2.32,6,0.42370419511810803,0.9190121575225058,1.4294733990939867,3.3979003599339244,0.4226691705131157,0.5047668567422962
metric_exp,41,120,0.09673800060694374,138,31,31,32,6,10,2.064516129032258,4,0.4161614016678616,0.9075371390375652,2.310185324662114,5.304606401405464,0.30037189154280514,0.5047668567422962
metric_exp,42,120,0.08223047160799066,179,29,29,33,6,9,2.2758620689655173,4,0.4468581623765023,0.8766288269643947,1.8880091610881704,5.173246633892484,0.39847599320223415,0.5047668567422962
metric_exp,43,120,0.14882816700419726,138,39,39,47,8,17,2.41025641025641,6,0.39184378131715486,0.9767164710217159,3.195111537541605,8.79041185782195,0.2672115665855857,0.5047668567422962
metric_exp,44,120,0.10945106733258811,162,32,32,39,5,11,2.4375,4,0.42565338039304623,0.8931526771458917,2.665516739742787,7.609173378370764,0.18946169765953944,0.5047668567422962
metric_exp,45,120,0.10526756475488379,153,32,32,45,6,12,2.8125,6,0.3791172017617809,1.0214038191819126,2.020217739900544,4.840085968526717,0.3574354757289206,0.5047668567422962
metric_exp,46,120,0.08843392639104176,170,24,24,18,10,9,1.5,4,0.3931595809878141,0.9734135111520745,2.188698897197816,5.0686600267815525,0.42681768934413405,0.5047668567422962
metric_exp,47,120,0.1390344005138227,155,30,30,43,6,12,2.8666666666666667,5,0.436965699612374,0.8949545553527036,2.1894191698965235,6.188597163807113,0.23523439176949804,0.5047668567422962
metric_exp,48,120,0.08146451517281046,151,29,29,34,6,15,2.3448275862068964,4,0.38145881789537794,0.9976843573525858,2.860497566769085,7.446818023476747,0.3740720172860922,0.5047668567422962
metric_exp,49,120,0.07721100200640743,160,27,27,22,10,5,1.6296296296296295,4,0.3966169219951791,0.9821930123062588,1.481954268388287,3.548865117483434,0.3841676914963692,0.5047668567422962
cosine_resonance,0,120,0.16473633611777735,1,1,1,0,1,1,0,0,0.0,0.0,0.0,0.0,0.5047668567422962,0.5047668567422962
cosine_resonance,1,120,0.16486400153229627,1,1,1,0,1,1,0,0,0.0,0.0,0.0,0.0,0.5047668567422962,0.5047668567422962
cosine_resonance,2,120,0.16661205951949612,1,1,1,0,1,1,0,0,0.0,0.0,0.0,0.0,0.5047668567422962,0.5047668567422962
cosine_resonance,3,120,0.1579436977867927,1,1,1,0,1,1,0,0,0.0,0.0,0.0,0.0,0.5047668567422962,0.5047668567422962
cosine_resonance,4,120,0.1703110202917955,1,1,1,0,1,1,0,0,0.0,0.0,0.0,0.0,0.5047668567422962,0.5047668567422962
cosine_resonance,5,120,0.16813051238597493,1,1,1,0,1,1,0,0,0.0,0.0,0.0,0.0,0.5047668567422962,0.5047668567422962
cosine_resonance,6,120,0.15161288527377456,1,1,1,0,1,1,0,0,0.0,0.0,0.0,0.0,0.5047668567422962,0.5047668567422962
cosine_resonance,7,120,0.15459051983557975,1,1,1,0,1,1,0,0,0.0,0.0,0.0,0.0,0.5047668567422962,0.5047668567422962
cosine_resonance,8,120,0.1518876007582241,1,1,1,0,1,1,0,0,0.0,0.0,0.0,0.0,0.5047668567422962,0.5047668567422962
cosine_resonance,9,120,0.1554174432461332,1,1,1,0,1,1,0,0,0.0,0.0,0.0,0.0,0.5047668567422962,0.5047668567422962
cosine_resonance,10,120,0.16812067550369605,1,1,1,0,1,1,0,0,0.0,0.0,0.0,0.0,0.5047668567422962,0.5047668567422962
cosine_resonance,11,120,0.1570120176367992,1,1,1,0,1,1,0,0,0.0,0.0,0.0,0.0,0.5047668567422962,0.5047668567422962
cosine_resonance,12,120,0.15240380741595022,1,1,1,0,1,1,0,0,0.0,0.0,0.0,0.0,0.5047668567422962,0.5047668567422962
cosine_resonance,13,120,0.1544767907238286,1,1,1,0,1,1,0,0,0.0,0.0,0.0,0.0,0.5047668567422962,0.5047668567422962
cosine_resonance,14,120,0.15500091552159992,1,1,1,0,1,1,0,0,0.0,0.0,0.0,0.0,0.5047668567422962,0.5047668567422962
cosine_resonance,15,120,0.1628641188548657,1,1,1,0,1,1,0,0,0.0,0.0,0.0,0.0,0.5047668567422962,0.5047668567422962
cosine_resonance,16,120,0.15498058189452857,1,1,1,0,1,1,0,0,0.0,0.0,0.0,0.0,0.5047668567422962,0.5047668567422962
cosine_resonance,17,120,0.15248912100737386,1,1,1,0,1,1,0,0,0.0,0.0,0.0,0.0,0.5047668567422962,0.5047668567422962
cosine_resonance,18,120,0.14971582284609275,1,1,1,0,1,1,0,0,0.0,0.0,0.0,0.0,0.5047668567422962,0.5047668567422962
cosine_resonance,19,120,0.1467349972157047,1,1,1,0,1,1,0,0,0.0,0.0,0.0,0.0,0.5047668567422962,0.5047668567422962
cosine_resonance,20,120,0.16271257074621356,1,1,1,0,1,1,0,0,0.0,0.0,0.0,0.0,0.5047668567422962,0.5047668567422962
cosine_resonance,21,120,0.14609283071592713,1,1,1,0,1,1,0,0,0.0,0.0,0.0,0.0,0.5047668567422962,0.5047668567422962
cosine_resonance,22,120,0.15371640404623851,1,1,1,0,1,1,0,0,0.0,0.0,0.0,0.0,0.5047668567422962,0.5047668567422962
cosine_resonance,23,120,0.14800579131601235,1,1,1,0,1,1,0,0,0.0,0.0,0.0,0.0,0.5047668567422962,0.5047668567422962
cosine_resonance,24,120,0.14565759428063765,1,1,1,0,1,1,0,0,0.0,0.0,0.0,0.0,0.5047668567422962,0.5047668567422962
cosine_resonance,25,120,0.14877842508151287,1,1,1,0,1,1,0,0,0.0,0.0,0.0,0.0,0.5047668567422962,0.5047668567422962
cosine_resonance,26,120,0.1721140178904323,1,1,1,0,1,1,0,0,0.0,0.0,0.0,0.0,0.5047668567422962,0.5047668567422962
cosine_resonance,27,120,0.14904457998691528,1,1,1,0,1,1,0,0,0.0,0.0,0.0,0.0,0.5047668567422962,0.5047668567422962
cosine_resonance,28,120,0.15946085612900268,1,1,1,0,1,1,0,0,0.0,0.0,0.0,0.0,0.5047668567422962,0.5047668567422962
cosine_resonance,29,120,0.16016164181201642,1,1,1,0,1,1,0,0,0.0,0.0,0.0,0.0,0.5047668567422962,0.5047668567422962
cosine_resonance,30,120,0.142597097431592,1,1,1,0,1,1,0,0,0.0,0.0,0.0,0.0,0.5047668567422962,0.5047668567422962
cosine_resonance,31,120,0.18156075286697432,1,1,1,0,1,1,0,0,0.0,0.0,0.0,0.0,0.5047668567422962,0.5047668567422962
cosine_resonance,32,120,0.1529402719463551,1,1,1,0,1,1,0,0,0.0,0.0,0.0,0.0,0.5047668567422962,0.5047668567422962
cosine_resonance,33,120,0.1461500030229269,1,1,1,0,1,1,0,0,0.0,0.0,0.0,0.0,0.5047668567422962,0.5047668567422962
cosine_resonance,34,120,0.15449954431643045,1,1,1,0,1,1,0,0,0.0,0.0,0.0,0.0,0.5047668567422962,0.5047668567422962
cosine_resonance,35,120,0.15739219879012706,1,1,1,0,1,1,0,0,0.0,0.0,0.0,0.0,0.5047668567422962,0.5047668567422962
cosine_resonance,36,120,0.16550766347816506,1,1,1,0,1,1,0,0,0.0,0.0,0.0,0.0,0.5047668567422962,0.5047668567422962
cosine_resonance,37,120,0.15943747400929795,1,1,1,0,1,1,0,0,0.0,0.0,0.0,0.0,0.5047668567422962,0.5047668567422962
cosine_resonance,38,120,0.14861499424329053,1,1,1,0,1,1,0,0,0.0,0.0,0.0,0.0,0.5047668567422962,0.5047668567422962
cosine_resonance,39,120,0.14690023316721834,1,1,1,0,1,1,0,0,0.0,0.0,0.0,0.0,0.5047668567422962,0.5047668567422962
cosine_resonance,40,120,0.15977143620754114,1,1,1,0,1,1,0,0,0.0,0.0,0.0,0.0,0.5047668567422962,0.5047668567422962
cosine_resonance,41,120,0.14939160401661652,1,1,1,0,1,1,0,0,0.0,0.0,0.0,0.0,0.5047668567422962,0.5047668567422962
cosine_resonance,42,120,0.15902996748016582,1,1,1,0,1,1,0,0,0.0,0.0,0.0,0.0,0.5047668567422962,0.5047668567422962
cosine_resonance,43,120,0.1570628945308376,1,1,1,0,1,1,0,0,0.0,0.0,0.0,0.0,0.5047668567422962,0.5047668567422962
cosine_resonance,44,120,0.163568152344921,1,1,1,0,1,1,0,0,0.0,0.0,0.0,0.0,0.5047668567422962,0.5047668567422962
cosine_resonance,45,120,0.1661574564522956,1,1,1,0,1,1,0,0,0.0,0.0,0.0,0.0,0.5047668567422962,0.5047668567422962
cosine_resonance,46,120,0.14693366093986443,1,1,1,0,1,1,0,0,0.0,0.0,0.0,0.0,0.5047668567422962,0.5047668567422962
cosine_resonance,47,120,0.1500015733665187,1,1,1,0,1,1,0,0,0.0,0.0,0.0,0.0,0.5047668567422962,0.5047668567422962
cosine_resonance,48,120,0.15704276265674438,1,1,1,0,1,1,0,0,0.0,0.0,0.0,0.0,0.5047668567422962,0.5047668567422962
cosine_resonance,49,120,0.15208906615404558,1,1,1,0,1,1,0,0,0.0,0.0,0.0,0.0,0.5047668567422962,0.5047668567422962
mixed_resonance,0,120,0.14653771884914632,1,1,1,0,1,1,0,0,0.0,0.0,0.0,0.0,0.5047668567422962,0.5047668567422962
mixed_resonance,1,120,0.15368242509611452,1,1,1,0,1,1,0,0,0.0,0.0,0.0,0.0,0.5047668567422962,0.5047668567422962
mixed_resonance,2,120,0.15589045935931298,1,1,1,0,1,1,0,0,0.0,0.0,0.0,0.0,0.5047668567422962,0.5047668567422962
mixed_resonance,3,120,0.13786685313225153,1,1,1,0,1,1,0,0,0.0,0.0,0.0,0.0,0.5047668567422962,0.5047668567422962
mixed_resonance,4,120,0.15217640875884006,1,1,1,0,1,1,0,0,0.0,0.0,0.0,0.0,0.5047668567422962,0.5047668567422962
mixed_resonance,5,120,0.14823592397339425,1,1,1,0,1,1,0,0,0.0,0.0,0.0,0.0,0.5047668567422962,0.5047668567422962
mixed_resonance,6,120,0.13680106598696642,1,1,1,0,1,1,0,0,0.0,0.0,0.0,0.0,0.5047668567422962,0.5047668567422962
mixed_resonance,7,120,0.13562530405664663,1,1,1,0,1,1,0,0,0.0,0.0,0.0,0.0,0.5047668567422962,0.5047668567422962
mixed_resonance,8,120,0.13811356629321975,1,1,1,0,1,1,0,0,0.0,0.0,0.0,0.0,0.5047668567422962,0.5047668567422962
mixed_resonance,9,120,0.1391329105302756,1,1,1,0,1,1,0,0,0.0,0.0,0.0,0.0,0.5047668567422962,0.5047668567422962
mixed_resonance,10,120,0.15477225392999855,1,1,1,0,1,1,0,0,0.0,0.0,0.0,0.0,0.5047668567422962,0.5047668567422962
mixed_resonance,11,120,0.143741653477635,1,1,1,0,1,1,0,0,0.0,0.0,0.0,0.0,0.5047668567422962,0.5047668567422962
mixed_resonance,12,120,0.13792127215717453,1,1,1,0,1,1,0,0,0.0,0.0,0.0,0.0,0.5047668567422962,0.5047668567422962
mixed_resonance,13,120,0.13896407943925518,1,1,1,0,1,1,0,0,0.0,0.0,0.0,0.0,0.5047668567422962,0.5047668567422962
mixed_resonance,14,120,0.14176364979684186,1,1,1,0,1,1,0,0,0.0,0.0,0.0,0.0,0.5047668567422962,0.5047668567422962
mixed_resonance,15,120,0.13867214731554248,1,1,1,0,1,1,0,0,0.0,0.0,0.0,0.0,0.5047668567422962,0.5047668567422962
mixed_resonance,16,120,0.13085456585752753,1,1,1,0,1,1,0,0,0.0,0.0,0.0,0.0,0.5047668567422962,0.5047668567422962
mixed_resonance,17,120,0.13708293465989566,1,1,1,0,1,1,0,0,0.0,0.0,0.0,0.0,0.5047668567422962,0.5047668567422962
mixed_resonance,18,120,0.1348109676685609,1,1,1,0,1,1,0,0,0.0,0.0,0.0,0.0,0.5047668567422962,0.5047668567422962
mixed_resonance,19,120,0.13069343459406504,1,1,1,0,1,1,0,0,0.0,0.0,0.0,0.0,0.5047668567422962,0.5047668567422962
mixed_resonance,20,120,0.14024961420136542,1,1,1,0,1,1,0,0,0.0,0.0,0.0,0.0,0.5047668567422962,0.5047668567422962
mixed_resonance,21,120,0.1321877005130062,1,1,1,0,1,1,0,0,0.0,0.0,0.0,0.0,0.5047668567422962,0.5047668567422962
mixed_resonance,22,120,0.13715223748520206,1,1,1,0,1,1,0,0,0.0,0.0,0.0,0.0,0.5047668567422962,0.5047668567422962
mixed_resonance,23,120,0.13613783828775905,1,1,1,0,1,1,0,0,0.0,0.0,0.0,0.0,0.5047668567422962,0.5047668567422962
mixed_resonance,24,120,0.13051282754013566,1,1,1,0,1,1,0,0,0.0,0.0,0.0,0.0,0.5047668567422962,0.5047668567422962
mixed_resonance,25,120,0.13621432025794597,1,1,1,0,1,1,0,0,0.0,0.0,0.0,0.0,0.5047668567422962,0.5047668567422962
mixed_resonance,26,120,0.15333099249593515,1,1,1,0,1,1,0,0,0.0,0.0,0.0,0.0,0.5047668567422962,0.5047668567422962
mixed_resonance,27,120,0.136077420855029,1,1,1,0,1,1,0,0,0.0,0.0,0.0,0.0,0.5047668567422962,0.5047668567422962
mixed_resonance,28,120,0.1431474784697729,1,1,1,0,1,1,0,0,0.0,0.0,0.0,0.0,0.5047668567422962,0.5047668567422962
mixed_resonance,29,120,0.13760526278271804,1,1,1,0,1,1,0,0,0.0,0.0,0.0,0.0,0.5047668567422962,0.5047668567422962
mixed_resonance,30,120,0.12812940386551774,1,1,1,0,1,1,0,0,0.0,0.0,0.0,0.0,0.5047668567422962,0.5047668567422962
mixed_resonance,31,120,0.15809216010365912,1,1,1,0,1,1,0,0,0.0,0.0,0.0,0.0,0.5047668567422962,0.5047668567422962
mixed_resonance,32,120,0.13068817000454666,1,1,1,0,1,1,0,0,0.0,0.0,0.0,0.0,0.5047668567422962,0.5047668567422962
mixed_resonance,33,120,0.13047934433825728,1,1,1,0,1,1,0,0,0.0,0.0,0.0,0.0,0.5047668567422962,0.5047668567422962
mixed_resonance,34,120,0.15212817627158837,1,1,1,0,1,1,0,0,0.0,0.0,0.0,0.0,0.5047668567422962,0.5047668567422962
mixed_resonance,35,120,0.14728352299697825,1,1,1,0,1,1,0,0,0.0,0.0,0.0,0.0,0.5047668567422962,0.5047668567422962
mixed_resonance,36,120,0.14289074906794322,1,1,1,0,1,1,0,0,0.0,0.0,0.0,0.0,0.5047668567422962,0.5047668567422962
mixed_resonance,37,120,0.13372852262948076,1,1,1,0,1,1,0,0,0.0,0.0,0.0,0.0,0.5047668567422962,0.5047668567422962
mixed_resonance,38,120,0.1333666154845246,1,1,1,0,1,1,0,0,0.0,0.0,0.0,0.0,0.5047668567422962,0.5047668567422962
mixed_resonance,39,120,0.13704681403999236,1,1,1,0,1,1,0,0,0.0,0.0,0.0,0.0,0.5047668567422962,0.5047668567422962
mixed_resonance,40,120,0.13362038246286076,1,1,1,0,1,1,0,0,0.0,0.0,0.0,0.0,0.5047668567422962,0.5047668567422962
mixed_resonance,41,120,0.13384735623845928,1,1,1,0,1,1,0,0,0.0,0.0,0.0,0.0,0.5047668567422962,0.5047668567422962
mixed_resonance,42,120,0.13567372840937345,1,1,1,0,1,1,0,0,0.0,0.0,0.0,0.0,0.5047668567422962,0.5047668567422962
mixed_resonance,43,120,0.1462293898888741,1,1,1,0,1,1,0,0,0.0,0.0,0.0,0.0,0.5047668567422962,0.5047668567422962
mixed_resonance,44,120,0.1376620126780458,1,1,1,0,1,1,0,0,0.0,0.0,0.0,0.0,0.5047668567422962,0.5047668567422962
mixed_resonance,45,120,0.1369670986950313,1,1,1,0,1,1,0,0,0.0,0.0,0.0,0.0,0.5047668567422962,0.5047668567422962
mixed_resonance,46,120,0.13763757948390465,1,1,1,0,1,1,0,0,0.0,0.0,0.0,0.0,0.5047668567422962,0.5047668567422962
mixed_resonance,47,120,0.1336884409953357,1,1,1,0,1,1,0,0,0.0,0.0,0.0,0.0,0.5047668567422962,0.5047668567422962
mixed_resonance,48,120,0.1442289841257436,1,1,1,0,1,1,0,0,0.0,0.0,0.0,0.0,0.5047668567422962,0.5047668567422962
mixed_resonance,49,120,0.13872557063856134,1,1,1,0,1,1,0,0,0.0,0.0,0.0,0.0,0.5047668567422962,0.5047668567422962
threshold_resonance,0,120,0.09975920554688461,1,1,1,0,1,1,0,0,0.0,0.0,0.0,0.0,0.5047668567422962,0.5047668567422962
threshold_resonance,1,120,0.10614092263914411,1,1,1,0,1,1,0,0,0.0,0.0,0.0,0.0,0.5047668567422962,0.5047668567422962
threshold_resonance,2,120,0.12055313918342918,1,1,1,0,1,1,0,0,0.0,0.0,0.0,0.0,0.5047668567422962,0.5047668567422962
threshold_resonance,3,120,0.08940227358044825,1,1,1,0,1,1,0,0,0.0,0.0,0.0,0.0,0.5047668567422962,0.5047668567422962
threshold_resonance,4,120,0.09926023343630903,1,1,1,0,1,1,0,0,0.0,0.0,0.0,0.0,0.5047668567422962,0.5047668567422962
threshold_resonance,5,120,0.10452719041521975,1,1,1,0,1,1,0,0,0.0,0.0,0.0,0.0,0.5046896079853712,0.5047668567422962
threshold_resonance,6,120,0.09819608791749626,1,1,1,0,1,1,0,0,0.0,0.0,0.0,0.0,0.5045899240017936,0.5047668567422962
threshold_resonance,7,120,0.0886369258030019,1,1,1,0,1,1,0,0,0.0,0.0,0.0,0.0,0.5046495813999515,0.5047668567422962
threshold_resonance,8,120,0.10955620308897038,1,1,1,0,1,1,0,0,0.0,0.0,0.0,0.0,0.5047668567422962,0.5047668567422962
threshold_resonance,9,120,0.10271035434101146,1,1,1,0,1,1,0,0,0.0,0.0,0.0,0.0,0.5047668567422962,0.5047668567422962
threshold_resonance,10,120,0.09190534629754608,1,1,1,0,1,1,0,0,0.0,0.0,0.0,0.0,0.5047668567422962,0.5047668567422962
threshold_resonance,11,120,0.11516872907238322,1,1,1,0,1,1,0,0,0.0,0.0,0.0,0.0,0.5046189733231061,0.5047668567422962
threshold_resonance,12,120,0.10846908127392511,1,1,1,0,1,1,0,0,0.0,0.0,0.0,0.0,0.504753987294045,0.5047668567422962
threshold_resonance,13,120,0.11160575474887027,1,1,1,0,1,1,0,0,0.0,0.0,0.0,0.0,0.5047668567422962,0.5047668567422962
threshold_resonance,14,120,0.10583895141559628,1,1,1,0,1,1,0,0,0.0,0.0,0.0,0.0,0.5047668567422962,0.5047668567422962
threshold_resonance,15,120,0.08998389942679753,1,1,1,0,1,1,0,0,0.0,0.0,0.0,0.0,0.5047668567422962,0.5047668567422962
threshold_resonance,16,120,0.10536315565153802,1,1,1,0,1,1,0,0,0.0,0.0,0.0,0.0,0.5047425238953507,0.5047668567422962
threshold_resonance,17,120,0.11314550758396202,1,1,1,0,1,1,0,0,0.0,0.0,0.0,0.0,0.5047668567422962,0.5047668567422962
threshold_resonance,18,120,0.11320652288785164,1,1,1,0,1,1,0,0,0.0,0.0,0.0,0.0,0.5047668567422962,0.5047668567422962
threshold_resonance,19,120,0.11660759606834081,1,1,1,0,1,1,0,0,0.0,0.0,0.0,0.0,0.5029932525808868,0.5047668567422962
threshold_resonance,20,120,0.0978417648326057,1,1,1,0,1,1,0,0,0.0,0.0,0.0,0.0,0.5047668567422962,0.5047668567422962
threshold_resonance,21,120,0.10014035021557531,1,1,1,0,1,1,0,0,0.0,0.0,0.0,0.0,0.5047668567422962,0.5047668567422962
threshold_resonance,22,120,0.09377132873838738,2,1,1,0,1,1,0,0,0.0,0.0,0.0,0.0,0.5047655888843006,0.5047668567422962
threshold_resonance,23,120,0.09094319191804964,1,1,1,0,1,1,0,0,0.0,0.0,0.0,0.0,0.5047668567422962,0.5047668567422962
threshold_resonance,24,120,0.10242684808541959,1,1,1,0,1,1,0,0,0.0,0.0,0.0,0.0,0.5047668567422962,0.5047668567422962
threshold_resonance,25,120,0.08658919747061995,1,1,1,0,1,1,0,0,0.0,0.0,0.0,0.0,0.5047175983198535,0.5047668567422962
threshold_resonance,26,120,0.09663114540273202,1,1,1,0,1,1,0,0,0.0,0.0,0.0,0.0,0.5047668567422962,0.5047668567422962
threshold_resonance,27,120,0.1041008097257735,1,1,1,0,1,1,0,0,0.0,0.0,0.0,0.0,0.5047668567422962,0.5047668567422962
threshold_resonance,28,120,0.10275490894736515,1,1,1,0,1,1,0,0,0.0,0.0,0.0,0.0,0.5047668567422962,0.5047668567422962
threshold_resonance,29,120,0.09969573286328591,1,1,1,0,1,1,0,0,0.0,0.0,0.0,0.0,0.5047380930559452,0.5047668567422962
threshold_resonance,30,120,0.09672526254206024,1,1,1,0,1,1,0,0,0.0,0.0,0.0,0.0,0.5047668567422962,0.5047668567422962
threshold_resonance,31,120,0.09710420103364732,1,1,1,0,1,1,0,0,0.0,0.0,0.0,0.0,0.5047668567422962,0.5047668567422962
threshold_resonance,32,120,0.09093835244096479,1,1,1,0,1,1,0,0,0.0,0.0,0.0,0.0,0.5047668567422962,0.5047668567422962
threshold_resonance,33,120,0.10481011890284833,1,1,1,0,1,1,0,0,0.0,0.0,0.0,0.0,0.5047668567422962,0.5047668567422962
threshold_resonance,34,120,0.08170202833362329,1,1,1,0,1,1,0,0,0.0,0.0,0.0,0.0,0.5047668567422962,0.5047668567422962
threshold_resonance,35,120,0.10191345161010397,1,1,1,0,1,1,0,0,0.0,0.0,0.0,0.0,0.5041491158446354,0.5047668567422962
threshold_resonance,36,120,0.08975232310855659,1,1,1,0,1,1,0,0,0.0,0.0,0.0,0.0,0.5047668567422962,0.5047668567422962
threshold_resonance,37,120,0.09899233276380591,1,1,1,0,1,1,0,0,0.0,0.0,0.0,0.0,0.5047668567422962,0.5047668567422962
threshold_resonance,38,120,0.09384130637933731,1,1,1,0,1,1,0,0,0.0,0.0,0.0,0.0,0.5047636270387201,0.5047668567422962
threshold_resonance,39,120,0.10272063779722759,1,1,1,0,1,1,0,0,0.0,0.0,0.0,0.0,0.5047668567422962,0.5047668567422962
threshold_resonance,40,120,0.10719726568328838,1,1,1,0,1,1,0,0,0.0,0.0,0.0,0.0,0.5047668567422962,0.5047668567422962
threshold_resonance,41,120,0.12617240225218676,1,1,1,0,1,1,0,0,0.0,0.0,0.0,0.0,0.5047668567422962,0.5047668567422962
threshold_resonance,42,120,0.10234947404588653,1,1,1,0,1,1,0,0,0.0,0.0,0.0,0.0,0.5047664912559578,0.5047668567422962
threshold_resonance,43,120,0.09586103817286783,1,1,1,0,1,1,0,0,0.0,0.0,0.0,0.0,0.5047668567422962,0.5047668567422962
threshold_resonance,44,120,0.10853575689990387,1,1,1,0,1,1,0,0,0.0,0.0,0.0,0.0,0.5046889697086172,0.5047668567422962
threshold_resonance,45,120,0.11118181975881616,1,1,1,0,1,1,0,0,0.0,0.0,0.0,0.0,0.5047668567422962,0.5047668567422962
threshold_resonance,46,120,0.10554422241864733,1,1,1,0,1,1,0,0,0.0,0.0,0.0,0.0,0.5047511157058667,0.5047668567422962
threshold_resonance,47,120,0.08446775741496838,1,1,1,0,1,1,0,0,0.0,0.0,0.0,0.0,0.504766430781237,0.5047668567422962
threshold_resonance,48,120,0.10382809887003937,1,1,1,0,1,1,0,0,0.0,0.0,0.0,0.0,0.5047165489878219,0.5047668567422962
threshold_resonance,49,120,0.10339554480452604,1,1,1,0,1,1,0,0,0.0,0.0,0.0,0.0,0.5044216930027905,0.5047668567422962
random_projection,0,120,0.11840860074461958,120,1,1,0,1,1,0,0,0.0,0.0,0.0,0.0,0.496250850003233,0.5047668567422962
random_projection,1,120,0.12017280047763436,142,1,1,0,1,1,0,0,0.0,0.0,0.0,0.0,0.49363145694269334,0.5027162725805205
random_projection,2,120,0.12706033290563715,127,1,1,0,1,1,0,0,0.0,0.0,0.0,0.0,0.49602156417902865,0.5047668567422962
random_projection,3,120,0.11284867133775323,147,1,1,0,1,1,0,0,0.0,0.0,0.0,0.0,0.4939172215045043,0.5047668567422962
random_projection,4,120,0.12899401203828872,138,1,1,0,1,1,0,0,0.0,0.0,0.0,0.0,0.4958306650083777,0.5047668567422962
random_projection,5,120,0.12085138907473092,137,1,1,0,1,1,0,0,0.0,0.0,0.0,0.0,0.49538715983937776,0.5047668567422962
random_projection,6,120,0.11762315328853513,120,1,1,0,1,1,0,0,0.0,0.0,0.0,0.0,0.4962086366603338,0.5047668567422962
random_projection,7,120,0.11752273237691685,131,1,1,0,1,1,0,0,0.0,0.0,0.0,0.0,0.49637610772674456,0.5047668567422962
random_projection,8,120,0.1174227600119278,157,1,1,0,1,1,0,0,0.0,0.0,0.0,0.0,0.4942265115593859,0.5037802859693944
random_projection,9,120,0.1145972449550917,143,1,1,0,1,1,0,0,0.0,0.0,0.0,0.0,0.4923628828566475,0.5047668567422962
random_projection,10,120,0.12032379794977519,121,1,1,0,1,1,0,0,0.0,0.0,0.0,0.0,0.49594649719795647,0.5047668567422962
random_projection,11,120,0.11347787060570086,144,1,1,0,1,1,0,0,0.0,0.0,0.0,0.0,0.4940979524992841,0.5047668567422962
random_projection,12,120,0.11805058195094317,127,1,1,0,1,1,0,0,0.0,0.0,0.0,0.0,0.49735159452808814,0.5047668567422962
random_projection,13,120,0.10512099165829819,137,1,1,0,1,1,0,0,0.0,0.0,0.0,0.0,0.49599888790748903,0.5047668567422962
random_projection,14,120,0.11451351820203493,138,1,1,0,1,1,0,0,0.0,0.0,0.0,0.0,0.49444102722795086,0.5047668567422962
random_projection,15,120,0.11742717073292021,130,1,1,0,1,1,0,0,0.0,0.0,0.0,0.0,0.4949870908857079,0.5047668567422962
random_projection,16,120,0.11038953368175801,127,1,1,0,1,1,0,0,0.0,0.0,0.0,0.0,0.4962055752922434,0.5047668567422962
random_projection,17,120,0.10894228225717796,111,1,1,0,1,1,0,0,0.0,0.0,0.0,0.0,0.49747271030433204,0.5047668567422962
random_projection,18,120,0.11758941647839845,144,1,1,0,1,1,0,0,0.0,0.0,0.0,0.0,0.4951368634319362,0.5037802859693944
random_projection,19,120,0.1179071708354946,121,1,1,0,1,1,0,0,0.0,0.0,0.0,0.0,0.49627888505314516,0.5047668567422962
random_projection,20,120,0.12760811830691915,131,1,1,0,1,1,0,0,0.0,0.0,0.0,0.0,0.49446037419416433,0.5047668567422962
random_projection,21,120,0.10511448557803127,141,1,1,0,1,1,0,0,0.0,0.0,0.0,0.0,0.49250018310298144,0.5037802859693944
random_projection,22,120,0.11478136907858821,122,1,1,0,1,1,0,0,0.0,0.0,0.0,0.0,0.4958070095433455,0.5047668567422962
random_projection,23,120,0.112190570281493,128,1,1,0,1,1,0,0,0.0,0.0,0.0,0.0,0.4965565017854839,0.5047668567422962
random_projection,24,120,0.11122068398789826,131,1,1,0,1,1,0,0,0.0,0.0,0.0,0.0,0.4951654712688571,0.5047668567422962
random_projection,25,120,0.11022599879061046,127,1,1,0,1,1,0,0,0.0,0.0,0.0,0.0,0.49606107909091995,0.5047668567422962
random_projection,26,120,0.12420880019725662,123,1,1,0,1,1,0,0,0.0,0.0,0.0,0.0,0.4973643119718029,0.5047668567422962
random_projection,27,120,0.12467829048593174,117,1,1,0,1,1,0,0,0.0,0.0,0.0,0.0,0.495825601579801,0.5047668567422962
random_projection,28,120,0.12048358170924138,145,1,1,0,1,1,0,0,0.0,0.0,0.0,0.0,0.49339870890159404,0.5047668567422962
random_projection,29,120,0.11797827639714867,145,1,1,0,1,1,0,0,0.0,0.0,0.0,0.0,0.4965566516316525,0.5047668567422962
random_projection,30,120,0.11919814409893698,122,1,1,0,1,1,0,0,0.0,0.0,0.0,0.0,0.4953106811420237,0.5047668567422962
random_projection,31,120,0.1238260102211569,125,1,1,0,1,1,0,0,0.0,0.0,0.0,0.0,0.49688575182979144,0.5047668567422962
random_projection,32,120,0.11979179255889341,106,1,1,0,1,1,0,0,0.0,0.0,0.0,0.0,0.49793338009412696,0.5047668567422962
random_projection,33,120,0.11715946630405301,126,1,1,0,1,1,0,0,0.0,0.0,0.0,0.0,0.49498016311179766,0.5047668567422962
random_projection,34,120,0.12360625433324077,141,1,1,0,1,1,0,0,0.0,0.0,0.0,0.0,0.4957713247890077,0.5047668567422962
random_projection,35,120,0.10928201719957495,129,1,1,0,1,1,0,0,0.0,0.0,0.0,0.0,0.4954511584953078,0.5047668567422962
random_projection,36,120,0.12010713726318252,141,1,1,0,1,1,0,0,0.0,0.0,0.0,0.0,0.49478879894100297,0.5047668567422962
random_projection,37,120,0.1278497784550518,137,1,1,0,1,1,0,0,0.0,0.0,0.0,0.0,0.4958031551004898,0.5037802859693944
random_projection,38,120,0.11836091668358123,129,1,1,0,1,1,0,0,0.0,0.0,0.0,0.0,0.4946882803704614,0.5047668567422962
random_projection,39,120,0.10856098518559895,136,1,1,0,1,1,0,0,0.0,0.0,0.0,0.0,0.4954986721828251,0.5047668567422962
random_projection,40,120,0.11512219410741996,125,1,1,0,1,1,0,0,0.0,0.0,0.0,0.0,0.49493647314004185,0.5047668567422962
random_projection,41,120,0.10304104250924379,165,1,1,0,1,1,0,0,0.0,0.0,0.0,0.0,0.49383733204071345,0.5037802859693944
random_projection,42,120,0.12344156295743708,132,1,1,0,1,1,0,0,0.0,0.0,0.0,0.0,0.49500097931127895,0.5047668567422962
random_projection,43,120,0.11820911648600743,113,1,1,0,1,1,0,0,0.0,0.0,0.0,0.0,0.4973920382391744,0.5047668567422962
random_projection,44,120,0.12417829335849978,141,1,1,0,1,1,0,0,0.0,0.0,0.0,0.0,0.4936591968830265,0.5047668567422962
random_projection,45,120,0.12863973061234668,136,1,1,0,1,1,0,0,0.0,0.0,0.0,0.0,0.49484709388003045,0.5047668567422962
random_projection,46,120,0.11654481829575897,138,1,1,0,1,1,0,0,0.0,0.0,0.0,0.0,0.49425037723047055,0.5047668567422962
random_projection,47,120,0.10820980268312153,137,1,1,0,1,1,0,0,0.0,0.0,0.0,0.0,0.4962445959681845,0.5037802859693944
random_projection,48,120,0.12790411753714837,148,1,1,0,1,1,0,0,0.0,0.0,0.0,0.0,0.4959613376187234,0.5047668567422962
random_projection,49,120,0.1215219659399315,132,1,1,0,1,1,0,0,0.0,0.0,0.0,0.0,0.4957295698851862,0.5047668567422962
