seed,final_states,final_avg_p,avg_proto_distance,threshold,cluster_count,largest_cluster,mean_cluster_size,isolated_states,strong_joins,top_sizes
0,120,0.10459920264368162,1.855901888942641,0.15,1,120,120,0,4467,120
0,120,0.10459920264368162,1.855901888942641,0.25,2,119,60,1,3350,119 1
0,120,0.10459920264368162,1.855901888942641,0.4,9,102,13.333333333333334,5,1875,102 6 4 3 1 1 1 1 1
0,120,0.10459920264368162,1.855901888942641,0.6,22,95,5.454545454545454,17,696,95 2 2 2 2 1 1 1 1 1
0,120,0.10459920264368162,1.855901888942641,0.8,45,28,2.6666666666666665,33,129,28 22 8 7 4 4 3 3 2 2
1,120,0.26618008111512126,1.4599912433402584,0.15,1,120,120,0,5143,120
1,120,0.26618008111512126,1.4599912433402584,0.25,2,117,60,0,4895,117 3
1,120,0.26618008111512126,1.4599912433402584,0.4,12,101,10,6,4234,101 4 3 2 2 2 1 1 1 1
1,120,0.26618008111512126,1.4599912433402584,0.6,17,99,7.0588235294117645,12,2507,99 3 2 2 2 1 1 1 1 1
1,120,0.26618008111512126,1.4599912433402584,0.8,23,95,5.217391304347826,19,658,95 2 2 2 1 1 1 1 1 1
2,120,0.10110947046759358,1.7247206502702606,0.15,1,120,120,0,4660,120
2,120,0.10110947046759358,1.7247206502702606,0.25,2,115,60,0,3238,115 5
2,120,0.10110947046759358,1.7247206502702606,0.4,5,113,24,3,1679,113 4 1 1 1
2,120,0.10110947046759358,1.7247206502702606,0.6,11,107,10.909090909090908,7,561,107 2 2 2 1 1 1 1 1 1
2,120,0.10110947046759358,1.7247206502702606,0.8,52,15,2.3076923076923075,36,119,15 14 14 6 5 5 4 3 3 3
3,120,0.07447619235783648,1.7215032599442972,0.15,1,120,120,0,4473,120
3,120,0.07447619235783648,1.7215032599442972,0.25,1,120,120,0,3019,120
3,120,0.07447619235783648,1.7215032599442972,0.4,4,113,30,1,1548,113 4 2 1
3,120,0.07447619235783648,1.7215032599442972,0.6,15,102,8,10,520,102 2 2 2 2 1 1 1 1 1
3,120,0.07447619235783648,1.7215032599442972,0.8,53,16,2.2641509433962264,34,95,16 14 8 8 5 5 4 3 3 2
4,33,0.014845571096208633,3.164260529686066,0.15,1,33,33,0,101,33
4,33,0.014845571096208633,3.164260529686066,0.25,4,28,8.25,1,44,28 2 2 1
4,33,0.014845571096208633,3.164260529686066,0.4,18,8,1.8333333333333333,12,18,8 4 3 2 2 2 1 1 1 1
4,33,0.014845571096208633,3.164260529686066,0.6,28,3,1.1785714285714286,25,6,3 3 2 1 1 1 1 1 1 1
4,33,0.014845571096208633,3.164260529686066,0.8,30,3,1.1,28,3,3 2 1 1 1 1 1 1 1 1
5,120,0.11134645993362068,1.7309293885540447,0.15,1,120,120,0,4755,120
5,120,0.11134645993362068,1.7309293885540447,0.25,3,114,40,0,3491,114 4 2
5,120,0.11134645993362068,1.7309293885540447,0.4,7,107,17.142857142857142,3,1960,107 4 4 2 1 1 1
5,120,0.11134645993362068,1.7309293885540447,0.6,16,102,7.5,12,702,102 2 2 2 1 1 1 1 1 1
5,120,0.11134645993362068,1.7309293885540447,0.8,48,47,2.5,34,132,47 8 4 4 3 3 3 2 2 2
6,32,0.012877273914535926,3.089116644371404,0.15,1,32,32,0,99,32
6,32,0.012877273914535926,3.089116644371404,0.25,5,25,6.4,2,48,25 3 2 1 1
6,32,0.012877273914535926,3.089116644371404,0.4,15,10,2.1333333333333333,9,22,10 5 2 2 2 2 1 1 1 1
6,32,0.012877273914535926,3.089116644371404,0.6,28,2,1.1428571428571428,24,4,2 2 2 2 1 1 1 1 1 1
6,32,0.012877273914535926,3.089116644371404,0.8,31,2,1.032258064516129,30,1,2 1 1 1 1 1 1 1 1 1
7,29,0.015838361960728006,3.1280429699418772,0.15,1,29,29,0,74,29
7,29,0.015838361960728006,3.1280429699418772,0.25,2,25,14.5,0,35,25 4
7,29,0.015838361960728006,3.1280429699418772,0.4,15,4,1.9333333333333333,8,16,4 4 3 3 3 2 2 1 1 1
7,29,0.015838361960728006,3.1280429699418772,0.6,24,3,1.2083333333333333,20,5,3 2 2 2 1 1 1 1 1 1
7,29,0.015838361960728006,3.1280429699418772,0.8,29,1,1,29,0,1 1 1 1 1 1 1 1 1 1
8,120,0.24644785748652398,1.0632605549637448,0.15,2,118,60,0,6172,118 2
8,120,0.24644785748652398,1.0632605549637448,0.25,2,118,60,0,5554,118 2
8,120,0.24644785748652398,1.0632605549637448,0.4,5,114,24,2,4160,114 2 2 1 1
8,120,0.24644785748652398,1.0632605549637448,0.6,10,109,12,7,1859,109 2 2 1 1 1 1 1 1 1
8,120,0.24644785748652398,1.0632605549637448,0.8,16,103,7.5,13,400,103 2 2 1 1 1 1 1 1 1
9,120,0.0606252506663183,1.7334066797876075,0.15,1,120,120,0,4361,120
9,120,0.0606252506663183,1.7334066797876075,0.25,1,120,120,0,2783,120
9,120,0.0606252506663183,1.7334066797876075,0.4,2,119,60,1,1390,119 1
9,120,0.0606252506663183,1.7334066797876075,0.6,9,111,13.333333333333334,7,442,111 2 1 1 1 1 1 1 1
9,120,0.0606252506663183,1.7334066797876075,0.8,56,10,2.142857142857143,39,98,10 9 8 8 7 6 5 5 4 3
10,120,0.10601379012483197,1.750797285260363,0.15,1,120,120,0,4807,120
10,120,0.10601379012483197,1.750797285260363,0.25,2,116,60,0,3674,116 4
10,120,0.10601379012483197,1.750797285260363,0.4,10,104,12,5,2105,104 4 3 2 2 1 1 1 1 1
10,120,0.10601379012483197,1.750797285260363,0.6,18,100,6.666666666666667,14,777,100 2 2 2 1 1 1 1 1 1
10,120,0.10601379012483197,1.750797285260363,0.8,38,69,3.1578947368421053,31,163,69 8 3 3 2 2 2 1 1 1
11,28,0.014212778796261096,2.930480287429867,0.15,1,28,28,0,82,28
11,28,0.014212778796261096,2.930480287429867,0.25,3,22,9.333333333333334,0,45,22 3 3
11,28,0.014212778796261096,2.930480287429867,0.4,13,5,2.1538461538461537,6,18,5 4 3 3 3 2 2 1 1 1
11,28,0.014212778796261096,2.930480287429867,0.6,23,2,1.2173913043478262,18,5,2 2 2 2 2 1 1 1 1 1
11,28,0.014212778796261096,2.930480287429867,0.8,28,1,1,28,0,1 1 1 1 1 1 1 1 1 1
12,27,0.015077312857921032,3.040790176640436,0.15,1,27,27,0,59,27
12,27,0.015077312857921032,3.040790176640436,0.25,4,22,6.75,1,36,22 2 2 1
12,27,0.015077312857921032,3.040790176640436,0.4,13,4,2.076923076923077,5,16,4 4 3 3 2 2 2 2 1 1
12,27,0.015077312857921032,3.040790176640436,0.6,21,3,1.2857142857142858,17,7,3 3 2 2 1 1 1 1 1 1
12,27,0.015077312857921032,3.040790176640436,0.8,26,2,1.0384615384615385,25,1,2 1 1 1 1 1 1 1 1 1
13,33,0.014969941605300649,3.1578302511920544,0.15,1,33,33,0,91,33
13,33,0.014969941605300649,3.1578302511920544,0.25,7,13,4.714285714285714,1,45,13 6 4 4 3 2 1
13,33,0.014969941605300649,3.1578302511920544,0.4,16,5,2.0625,7,23,5 5 3 3 2 2 2 2 2 1
13,33,0.014969941605300649,3.1578302511920544,0.6,22,5,1.5,15,12,5 3 2 2 2 2 2 1 1 1
13,33,0.014969941605300649,3.1578302511920544,0.8,30,2,1.1,27,3,2 2 2 1 1 1 1 1 1 1
14,32,0.012731501090873662,3.1894946561109356,0.15,1,32,32,0,75,32
14,32,0.012731501090873662,3.1894946561109356,0.25,5,19,6.4,0,39,19 5 4 2 2
14,32,0.012731501090873662,3.1894946561109356,0.4,16,4,2,5,19,4 3 3 3 2 2 2 2 2 2
14,32,0.012731501090873662,3.1894946561109356,0.6,24,4,1.3333333333333333,19,8,4 3 2 2 2 1 1 1 1 1
14,32,0.012731501090873662,3.1894946561109356,0.8,31,2,1.032258064516129,30,1,2 1 1 1 1 1 1 1 1 1
15,120,0.0710661888867721,1.9719559938052673,0.15,1,120,120,0,3909,120
15,120,0.0710661888867721,1.9719559938052673,0.25,1,120,120,0,2619,120
15,120,0.0710661888867721,1.9719559938052673,0.4,4,110,30,1,1355,110 6 3 1
15,120,0.0710661888867721,1.9719559938052673,0.6,19,96,6.315789473684211,14,470,96 4 2 2 2 1 1 1 1 1
15,120,0.0710661888867721,1.9719559938052673,0.8,58,28,2.0689655172413794,42,99,28 11 7 4 3 3 3 3 2 2
16,120,0.09880473486104786,1.505561481893223,0.15,1,120,120,0,5127,120
16,120,0.09880473486104786,1.505561481893223,0.25,1,120,120,0,3507,120
16,120,0.09880473486104786,1.505561481893223,0.4,3,118,40,2,1817,118 1 1
16,120,0.09880473486104786,1.505561481893223,0.6,3,118,40,2,618,118 1 1
16,120,0.09880473486104786,1.505561481893223,0.8,44,21,2.727272727272727,30,116,21 14 12 9 7 5 4 4 4 2
17,29,0.014109523452221249,3.2158954246324094,0.15,2,15,14.5,0,66,15 14
17,29,0.014109523452221249,3.2158954246324094,0.25,5,11,5.8,1,40,11 10 4 3 1
17,29,0.014109523452221249,3.2158954246324094,0.4,14,6,2.0714285714285716,7,17,6 3 3 3 3 2 2 1 1 1
17,29,0.014109523452221249,3.2158954246324094,0.6,24,2,1.2083333333333333,19,5,2 2 2 2 2 1 1 1 1 1
17,29,0.014109523452221249,3.2158954246324094,0.8,29,1,1,29,0,1 1 1 1 1 1 1 1 1 1
18,31,0.014439121245963412,3.1049482766588756,0.15,1,31,31,0,96,31
18,31,0.014439121245963412,3.1049482766588756,0.25,5,16,6.2,1,46,16 7 5 2 1
18,31,0.014439121245963412,3.1049482766588756,0.4,14,8,2.2142857142857144,8,21,8 6 3 2 2 2 1 1 1 1
18,31,0.014439121245963412,3.1049482766588756,0.6,25,4,1.24,21,6,4 2 2 2 1 1 1 1 1 1
18,31,0.014439121245963412,3.1049482766588756,0.8,31,1,1,31,0,1 1 1 1 1 1 1 1 1 1
19,34,0.014660219117685041,3.154598609506062,0.15,1,34,34,0,101,34
19,34,0.014660219117685041,3.154598609506062,0.25,5,27,6.8,2,62,27 3 2 1 1
19,34,0.014660219117685041,3.154598609506062,0.4,13,7,2.6153846153846154,5,29,7 6 6 2 2 2 2 2 1 1
19,34,0.014660219117685041,3.154598609506062,0.6,25,4,1.36,18,12,4 2 2 2 2 2 2 1 1 1
19,34,0.014660219117685041,3.154598609506062,0.8,33,2,1.0303030303030303,32,1,2 1 1 1 1 1 1 1 1 1
20,29,0.015920716450509236,3.095757461162103,0.15,1,29,29,0,85,29
20,29,0.015920716450509236,3.095757461162103,0.25,6,23,4.833333333333333,4,48,23 2 1 1 1 1
20,29,0.015920716450509236,3.095757461162103,0.4,14,5,2.0714285714285716,6,17,5 5 3 2 2 2 2 2 1 1
20,29,0.015920716450509236,3.095757461162103,0.6,24,2,1.2083333333333333,19,5,2 2 2 2 2 1 1 1 1 1
20,29,0.015920716450509236,3.095757461162103,0.8,27,2,1.0740740740740742,25,2,2 2 1 1 1 1 1 1 1 1
21,39,0.025898694388960326,3.0860281241987417,0.15,2,37,19.5,0,170,37 2
21,39,0.025898694388960326,3.0860281241987417,0.25,5,33,7.8,2,111,33 2 2 1 1
21,39,0.025898694388960326,3.0860281241987417,0.4,12,11,3.25,4,69,11 8 5 3 2 2 2 2 1 1
21,39,0.025898694388960326,3.0860281241987417,0.6,22,9,1.7727272727272727,13,38,9 3 2 2 2 2 2 2 2 1
21,39,0.025898694388960326,3.0860281241987417,0.8,32,8,1.21875,31,20,8 1 1 1 1 1 1 1 1 1
22,33,0.012341344622403343,3.117793696562201,0.15,1,33,33,0,105,33
22,33,0.012341344622403343,3.117793696562201,0.25,4,28,8.25,1,49,28 2 2 1
22,33,0.012341344622403343,3.117793696562201,0.4,14,9,2.357142857142857,6,22,9 5 3 2 2 2 2 2 1 1
22,33,0.012341344622403343,3.117793696562201,0.6,27,3,1.2222222222222223,22,6,3 2 2 2 2 1 1 1 1 1
22,33,0.012341344622403343,3.117793696562201,0.8,32,2,1.03125,31,1,2 1 1 1 1 1 1 1 1 1
23,28,0.013913185132460983,2.9802103592727063,0.15,2,26,14,0,84,26 2
23,28,0.013913185132460983,2.9802103592727063,0.25,3,25,9.333333333333334,1,44,25 2 1
23,28,0.013913185132460983,2.9802103592727063,0.4,13,6,2.1538461538461537,7,16,6 4 3 3 3 2 1 1 1 1
23,28,0.013913185132460983,2.9802103592727063,0.6,23,3,1.2173913043478262,19,5,3 2 2 2 1 1 1 1 1 1
23,28,0.013913185132460983,2.9802103592727063,0.8,28,1,1,28,0,1 1 1 1 1 1 1 1 1 1
24,31,0.014834887679486437,3.188906330101811,0.15,1,31,31,0,78,31
24,31,0.014834887679486437,3.188906330101811,0.25,3,26,10.333333333333334,0,47,26 3 2
24,31,0.014834887679486437,3.188906330101811,0.4,12,8,2.5833333333333335,5,24,8 4 4 3 3 2 2 1 1 1
24,31,0.014834887679486437,3.188906330101811,0.6,24,3,1.2916666666666667,18,8,3 2 2 2 2 2 1 1 1 1
24,31,0.014834887679486437,3.188906330101811,0.8,29,2,1.0689655172413792,27,2,2 2 1 1 1 1 1 1 1 1
25,120,0.1990838181627457,1.4284589091146374,0.15,2,117,60,0,5542,117 3
25,120,0.1990838181627457,1.4284589091146374,0.25,3,115,40,0,4794,115 3 2
25,120,0.1990838181627457,1.4284589091146374,0.4,6,107,20,1,3294,107 5 3 2 2 1
25,120,0.1990838181627457,1.4284589091146374,0.6,12,103,10,7,1371,103 4 2 2 2 1 1 1 1 1
25,120,0.1990838181627457,1.4284589091146374,0.8,25,91,4.8,19,296,91 2 2 2 2 2 1 1 1 1
26,120,0.09756377250049757,1.6468713430376305,0.15,1,120,120,0,4822,120
26,120,0.09756377250049757,1.6468713430376305,0.25,1,120,120,0,3693,120
26,120,0.09756377250049757,1.6468713430376305,0.4,4,116,30,2,2182,116 2 1 1
26,120,0.09756377250049757,1.6468713430376305,0.6,18,99,6.666666666666667,13,820,99 2 2 2 2 1 1 1 1 1
26,120,0.09756377250049757,1.6468713430376305,0.8,44,57,2.727272727272727,35,156,57 6 5 4 3 3 3 2 2 1
27,24,0.022576401616521923,3.0514244448459653,0.15,2,23,12,1,62,23 1
27,24,0.022576401616521923,3.0514244448459653,0.25,5,18,4.8,3,37,18 3 1 1 1
27,24,0.022576401616521923,3.0514244448459653,0.4,7,15,3.4285714285714284,4,23,15 3 2 1 1 1 1
27,24,0.022576401616521923,3.0514244448459653,0.6,20,3,1.2,17,4,3 2 2 1 1 1 1 1 1 1
27,24,0.022576401616521923,3.0514244448459653,0.8,24,1,1,24,0,1 1 1 1 1 1 1 1 1 1
28,28,0.020302140632350578,2.9771123777059363,0.15,1,28,28,0,84,28
28,28,0.020302140632350578,2.9771123777059363,0.25,3,23,9.333333333333334,1,43,23 4 1
28,28,0.020302140632350578,2.9771123777059363,0.4,14,8,2,10,21,8 4 3 3 1 1 1 1 1 1
28,28,0.020302140632350578,2.9771123777059363,0.6,23,3,1.2173913043478262,19,5,3 2 2 2 1 1 1 1 1 1
28,28,0.020302140632350578,2.9771123777059363,0.8,26,2,1.0769230769230769,24,2,2 2 1 1 1 1 1 1 1 1
29,35,0.011127402955927325,3.1637102651079334,0.15,1,35,35,0,109,35
29,35,0.011127402955927325,3.1637102651079334,0.25,2,34,17.5,1,57,34 1
29,35,0.011127402955927325,3.1637102651079334,0.4,15,6,2.3333333333333335,4,21,6 4 3 3 3 2 2 2 2 2
29,35,0.011127402955927325,3.1637102651079334,0.6,31,2,1.1290322580645162,27,4,2 2 2 2 1 1 1 1 1 1
29,35,0.011127402955927325,3.1637102651079334,0.8,34,2,1.0294117647058822,33,1,2 1 1 1 1 1 1 1 1 1
30,34,0.014606986220897256,3.1461794423287217,0.15,1,34,34,0,109,34
30,34,0.014606986220897256,3.1461794423287217,0.25,2,30,17,0,65,30 4
30,34,0.014606986220897256,3.1461794423287217,0.4,13,13,2.6153846153846154,8,26,13 4 4 3 2 1 1 1 1 1
30,34,0.014606986220897256,3.1461794423287217,0.6,28,3,1.2142857142857142,24,8,3 3 2 2 1 1 1 1 1 1
30,34,0.014606986220897256,3.1461794423287217,0.8,31,2,1.096774193548387,28,3,2 2 2 1 1 1 1 1 1 1
31,120,0.1436279897938499,1.2093842101581502,0.15,1,120,120,0,5703,120
31,120,0.1436279897938499,1.2093842101581502,0.25,2,119,60,1,4906,119 1
31,120,0.1436279897938499,1.2093842101581502,0.4,6,113,20,3,3496,113 2 2 1 1 1
31,120,0.1436279897938499,1.2093842101581502,0.6,15,105,8,13,1533,105 2 1 1 1 1 1 1 1 1
31,120,0.1436279897938499,1.2093842101581502,0.8,31,88,3.870967741935484,28,339,88 2 2 1 1 1 1 1 1 1
32,120,0.2815823198768684,1.4910995318496991,0.15,1,120,120,0,4735,120
32,120,0.2815823198768684,1.4910995318496991,0.25,2,119,60,1,4508,119 1
32,120,0.2815823198768684,1.4910995318496991,0.4,15,95,8,10,4193,95 6 4 3 2 1 1 1 1 1
32,120,0.2815823198768684,1.4910995318496991,0.6,18,95,6.666666666666667,14,2759,95 6 3 2 1 1 1 1 1 1
32,120,0.2815823198768684,1.4910995318496991,0.8,28,88,4.285714285714286,24,809,88 4 2 2 1 1 1 1 1 1
33,29,0.018352557727986427,2.98774080297934,0.15,2,27,14.5,0,86,27 2
33,29,0.018352557727986427,2.98774080297934,0.25,5,21,5.8,1,49,21 3 2 2 1
33,29,0.018352557727986427,2.98774080297934,0.4,13,9,2.230769230769231,8,21,9 6 2 2 2 1 1 1 1 1
33,29,0.018352557727986427,2.98774080297934,0.6,24,3,1.2083333333333333,20,5,3 2 2 2 1 1 1 1 1 1
33,29,0.018352557727986427,2.98774080297934,0.8,28,2,1.0357142857142858,27,1,2 1 1 1 1 1 1 1 1 1
34,35,0.01191999410225211,3.1398446563951814,0.15,1,35,35,0,107,35
34,35,0.01191999410225211,3.1398446563951814,0.25,2,29,17.5,0,58,29 6
34,35,0.01191999410225211,3.1398446563951814,0.4,19,4,1.8421052631578947,10,18,4 4 3 3 3 2 2 2 2 1
34,35,0.01191999410225211,3.1398446563951814,0.6,31,2,1.1290322580645162,27,4,2 2 2 2 1 1 1 1 1 1
34,35,0.01191999410225211,3.1398446563951814,0.8,35,1,1,35,0,1 1 1 1 1 1 1 1 1 1
35,120,0.07710264673024332,1.7646008361904593,0.15,1,120,120,0,4295,120
35,120,0.07710264673024332,1.7646008361904593,0.25,1,120,120,0,2892,120
35,120,0.07710264673024332,1.7646008361904593,0.4,5,114,24,3,1452,114 3 1 1 1
35,120,0.07710264673024332,1.7646008361904593,0.6,16,99,7.5,10,494,99 3 2 2 2 2 1 1 1 1
35,120,0.07710264673024332,1.7646008361904593,0.8,61,18,1.9672131147540983,44,82,18 13 8 4 3 3 3 3 3 3
36,36,0.014094520668097334,3.162911528189244,0.15,1,36,36,0,113,36
36,36,0.014094520668097334,3.162911528189244,0.25,1,36,36,0,63,36
36,36,0.014094520668097334,3.162911528189244,0.4,14,6,2.5714285714285716,4,27,6 5 4 3 3 3 2 2 2 2
36,36,0.014094520668097334,3.162911528189244,0.6,27,3,1.3333333333333333,19,9,3 2 2 2 2 2 2 2 1 1
36,36,0.014094520668097334,3.162911528189244,0.8,35,2,1.0285714285714285,34,1,2 1 1 1 1 1 1 1 1 1
37,34,0.010252250195439301,3.171853468245271,0.15,1,34,34,0,102,34
37,34,0.010252250195439301,3.171853468245271,0.25,1,34,34,0,52,34
37,34,0.010252250195439301,3.171853468245271,0.4,22,5,1.5454545454545454,16,14,5 3 3 3 2 2 1 1 1 1
37,34,0.010252250195439301,3.171853468245271,0.6,31,2,1.096774193548387,28,3,2 2 2 1 1 1 1 1 1 1
37,34,0.010252250195439301,3.171853468245271,0.8,34,1,1,34,0,1 1 1 1 1 1 1 1 1 1
38,29,0.01198485864482355,3.1721719693364605,0.15,1,29,29,0,70,29
38,29,0.01198485864482355,3.1721719693364605,0.25,3,22,9.666666666666666,1,45,22 6 1
38,29,0.01198485864482355,3.1721719693364605,0.4,19,5,1.5263157894736843,15,13,5 4 3 2 1 1 1 1 1 1
38,29,0.01198485864482355,3.1721719693364605,0.6,26,3,1.1153846153846154,24,4,3 2 1 1 1 1 1 1 1 1
38,29,0.01198485864482355,3.1721719693364605,0.8,28,2,1.0357142857142858,27,1,2 1 1 1 1 1 1 1 1 1
39,27,0.015605490304741955,3.118434932533899,0.15,1,27,27,0,57,27
39,27,0.015605490304741955,3.118434932533899,0.25,5,17,5.4,2,36,17 5 3 1 1
39,27,0.015605490304741955,3.118434932533899,0.4,13,5,2.076923076923077,6,18,5 5 3 2 2 2 2 1 1 1
39,27,0.015605490304741955,3.118434932533899,0.6,18,4,1.5,11,9,4 2 2 2 2 2 2 1 1 1
39,27,0.015605490304741955,3.118434932533899,0.8,26,2,1.0384615384615385,25,1,2 1 1 1 1 1 1 1 1 1
40,120,0.06728208211294112,1.7555262524502073,0.15,1,120,120,0,4279,120
40,120,0.06728208211294112,1.7555262524502073,0.25,2,119,60,1,2789,119 1
40,120,0.06728208211294112,1.7555262524502073,0.4,4,117,30,3,1381,117 1 1 1
40,120,0.06728208211294112,1.7555262524502073,0.6,12,104,10,8,472,104 3 3 2 1 1 1 1 1 1
40,120,0.06728208211294112,1.7555262524502073,0.8,57,13,2.1052631578947367,36,90,13 9 9 6 6 4 3 3 3 3
41,120,0.19372879585584835,1.4499809837670914,0.15,1,120,120,0,5250,120
41,120,0.19372879585584835,1.4499809837670914,0.25,5,106,24,0,4941,106 4 4 3 3
41,120,0.19372879585584835,1.4499809837670914,0.4,11,102,10.909090909090908,6,4005,102 4 3 3 2 1 1 1 1 1
41,120,0.19372879585584835,1.4499809837670914,0.6,19,101,6.315789473684211,17,1980,101 2 1 1 1 1 1 1 1 1
41,120,0.19372879585584835,1.4499809837670914,0.8,25,93,4.8,21,459,93 2 2 2 1 1 1 1 1 1
42,33,0.014884965646752322,3.103475339716278,0.15,1,33,33,0,102,33
42,33,0.014884965646752322,3.103475339716278,0.25,3,28,11,1,56,28 4 1
42,33,0.014884965646752322,3.103475339716278,0.4,15,9,2.2,9,21,9 5 3 3 2 2 1 1 1 1
42,33,0.014884965646752322,3.103475339716278,0.6,26,3,1.2692307692307692,20,8,3 2 2 2 2 2 1 1 1 1
42,33,0.014884965646752322,3.103475339716278,0.8,31,3,1.064516129032258,30,2,3 1 1 1 1 1 1 1 1 1
43,36,0.016615751429383818,3.109495678356745,0.15,1,36,36,0,105,36
43,36,0.016615751429383818,3.109495678356745,0.25,2,30,18,0,66,30 6
43,36,0.016615751429383818,3.109495678356745,0.4,14,7,2.5714285714285716,7,33,7 6 6 3 3 2 2 1 1 1
43,36,0.016615751429383818,3.109495678356745,0.6,29,4,1.2413793103448276,24,10,4 2 2 2 2 1 1 1 1 1
43,36,0.016615751429383818,3.109495678356745,0.8,35,2,1.0285714285714285,34,1,2 1 1 1 1 1 1 1 1 1
44,31,0.014753434052425851,3.1493904241833297,0.15,1,31,31,0,90,31
44,31,0.014753434052425851,3.1493904241833297,0.25,4,27,7.75,2,47,27 2 1 1
44,31,0.014753434052425851,3.1493904241833297,0.4,14,6,2.2142857142857144,6,20,6 4 4 3 2 2 2 2 1 1
44,31,0.014753434052425851,3.1493904241833297,0.6,25,2,1.24,19,6,2 2 2 2 2 2 1 1 1 1
44,31,0.014753434052425851,3.1493904241833297,0.8,28,2,1.1071428571428572,25,3,2 2 2 1 1 1 1 1 1 1
45,31,0.011992400064238845,3.1987973155640037,0.15,1,31,31,0,85,31
45,31,0.011992400064238845,3.1987973155640037,0.25,3,29,10.333333333333334,2,41,29 1 1
45,31,0.011992400064238845,3.1987973155640037,0.4,18,5,1.7222222222222223,11,16,5 4 3 2 2 2 2 1 1 1
45,31,0.011992400064238845,3.1987973155640037,0.6,25,4,1.24,21,6,4 2 2 2 1 1 1 1 1 1
45,31,0.011992400064238845,3.1987973155640037,0.8,31,1,1,31,0,1 1 1 1 1 1 1 1 1 1
46,34,0.013163594707250637,3.01036449402693,0.15,1,34,34,0,124,34
46,34,0.013163594707250637,3.01036449402693,0.25,2,31,17,0,64,31 3
46,34,0.013163594707250637,3.01036449402693,0.4,12,8,2.8333333333333335,5,30,8 5 5 4 3 2 2 1 1 1
46,34,0.013163594707250637,3.01036449402693,0.6,25,4,1.36,19,9,4 3 2 2 2 2 1 1 1 1
46,34,0.013163594707250637,3.01036449402693,0.8,33,2,1.0303030303030303,32,1,2 1 1 1 1 1 1 1 1 1
47,30,0.015254027360108554,3.0008574574012967,0.15,1,30,30,0,93,30
47,30,0.015254027360108554,3.0008574574012967,0.25,3,27,10,1,40,27 2 1
47,30,0.015254027360108554,3.0008574574012967,0.4,17,5,1.7647058823529411,8,16,5 3 2 2 2 2 2 2 2 1
47,30,0.015254027360108554,3.0008574574012967,0.6,22,3,1.3636363636363635,16,9,3 3 2 2 2 2 1 1 1 1
47,30,0.015254027360108554,3.0008574574012967,0.8,28,2,1.0714285714285714,26,2,2 2 1 1 1 1 1 1 1 1
48,36,0.009426825678647631,3.180388507463984,0.15,1,36,36,0,107,36
48,36,0.009426825678647631,3.180388507463984,0.25,2,33,18,0,49,33 3
48,36,0.009426825678647631,3.180388507463984,0.4,16,6,2.25,7,21,6 5 4 3 3 2 2 2 2 1
48,36,0.009426825678647631,3.180388507463984,0.6,35,2,1.0285714285714285,34,1,2 1 1 1 1 1 1 1 1 1
48,36,0.009426825678647631,3.180388507463984,0.8,36,1,1,36,0,1 1 1 1 1 1 1 1 1 1
49,29,0.015410116050980052,3.1409934402377018,0.15,1,29,29,0,76,29
49,29,0.015410116050980052,3.1409934402377018,0.25,4,14,7.25,1,40,14 9 5 1
49,29,0.015410116050980052,3.1409934402377018,0.4,13,6,2.230769230769231,7,19,6 6 3 3 2 2 1 1 1 1
49,29,0.015410116050980052,3.1409934402377018,0.6,21,3,1.380952380952381,15,9,3 3 2 2 2 2 1 1 1 1
49,29,0.015410116050980052,3.1409934402377018,0.8,28,2,1.0357142857142858,27,1,2 1 1 1 1 1 1 1 1 1
